{
    "CTk": {
      "fg_color": ["#f1faee", "#f1faee"],
      "top_fg_color": ["#ffffff", "#ffffff"],
      "border_color": ["#d3d3d3", "#d3d3d3"],
      "text_color": ["#1d3557", "#ffffff"],
      "button_color": ["#a8dadc", "#a8dadc"],
      "button_hover_color": ["#76c8c8", "#76c8c8"],
      "entry_border_color": ["#e0e0e0", "#e0e0e0"],
      "progress_color": ["#1d3557", "#1d3557"],
      "scrollbar_color": ["#ccc", "#ccc"],
      "slider_button_color": ["#a8dadc", "#a8dadc"]
    },
    "CTkToplevel": {
      "fg_color": ["#f1faee", "#f1faee"]
    },
    "CTkFrame": {
      "fg_color": ["#ffffff", "#ffffff"],
      "border_color": ["#e0e0e0", "#e0e0e0"],
      "corner_radius": 15,
      "border_width": 1
    },
    "CTkButton": {
      "fg_color": ["#a8dadc", "#a8dadc"],
      "hover_color": ["#76c8c8", "#76c8c8"],
      "text_color": ["#1d3557", "#ffffff"],
      "text_color_disabled": ["#969696", "#969696"],
      "border_color": ["#d3d3d3", "#d3d3d3"],
      "border_width": 0,
      "corner_radius": 12
    },
    "CTkLabel": {
      "fg_color": "transparent",
      "text_color": ["#1d3557", "#ffffff"],
      "text_color_disabled": ["#969696", "#969696"],
      "corner_radius": 0
    },
    "CTkEntry": {
      "fg_color": ["#ffffff", "#ffffff"],
      "border_color": ["#d3d3d3", "#d3d3d3"],
      "text_color": ["#1d3557", "#ffffff"],
      "placeholder_text_color": ["#969696", "#969696"],
      "corner_radius": 6,
      "border_width": 1
    },
    "CTkCheckBox": {
      "fg_color": ["#a8dadc", "#a8dadc"],
      "hover_color": ["#76c8c8", "#76c8c8"],
      "border_color": ["#a8dadc", "#a8dadc"],
      "checkmark_color": ["#ffffff", "#ffffff"],
      "text_color": ["#1d3557", "#ffffff"],
      "text_color_disabled": ["#969696", "#969696"],
      "corner_radius": 3,
      "border_width": 2
    },
    "CTkSwitch": {
      "fg_color": ["#d3d3d3", "#d3d3d3"],
      "progress_color": ["#a8dadc", "#a8dadc"],
      "button_color": ["#ffffff", "#ffffff"],
      "button_hover_color": ["#f0f0f0", "#f0f0f0"],
      "text_color": ["#1d3557", "#ffffff"],
      "text_color_disabled": ["#969696", "#969696"]
    },
    "CTkRadioButton": {
      "fg_color": ["#a8dadc", "#a8dadc"],
      "hover_color": ["#76c8c8", "#76c8c8"],
      "border_color": ["#a8dadc", "#a8dadc"],
      "text_color": ["#1d3557", "#ffffff"],
      "text_color_disabled": ["#969696", "#969696"]
    },
    "CTkProgressBar": {
      "fg_color": ["#e0e0e0", "#e0e0e0"],
      "progress_color": ["#a8dadc", "#a8dadc"],
      "border_color": ["#d3d3d3", "#d3d3d3"],
      "corner_radius": 1000,
      "border_width": 0
    },
    "CTkSlider": {
      "fg_color": ["#e0e0e0", "#e0e0e0"],
      "progress_color": ["#a8dadc", "#a8dadc"],
      "button_color": ["#ffffff", "#ffffff"],
      "button_hover_color": ["#f0f0f0", "#f0f0f0"],
      "corner_radius": 1000
    },
    "CTkOptionMenu": {
      "fg_color": ["#a8dadc", "#a8dadc"],
      "hover_color": ["#76c8c8", "#76c8c8"],
      "text_color": ["#1d3557", "#ffffff"],
      "text_color_disabled": ["#969696", "#969696"],
      "dropdown_fg_color": ["#ffffff", "#ffffff"],
      "dropdown_hover_color": ["#f0f0f0", "#f0f0f0"],
      "dropdown_text_color": ["#1d3557", "#ffffff"],
      "corner_radius": 6
    },
    "CTkComboBox": {
      "fg_color": ["#ffffff", "#ffffff"],
      "hover_color": ["#f0f0f0", "#f0f0f0"],
      "border_color": ["#d3d3d3", "#d3d3d3"],
      "text_color": ["#1d3557", "#ffffff"],
      "text_color_disabled": ["#969696", "#969696"],
      "dropdown_fg_color": ["#ffffff", "#ffffff"],
      "dropdown_hover_color": ["#f0f0f0", "#f0f0f0"],
      "dropdown_text_color": ["#1d3557", "#ffffff"],
      "corner_radius": 6,
      "border_width": 1
    },
    "CTkScrollbar": {
      "corner_radius": 10,
      "border_spacing": 1,
      "fg_color": ["#f1faee", "#f1faee"],
      "button_color": ["#d0d0d0", "#d0d0d0"],
      "button_hover_color": ["#c0c0c0", "#c0c0c0"]
    },
    "CTkSegmentedButton": {
      "fg_color": ["#e0e0e0", "#e0e0e0"],
      "selected_color": ["#a8dadc", "#a8dadc"],
      "selected_hover_color": ["#76c8c8", "#76c8c8"],
      "unselected_color": ["#e0e0e0", "#e0e0e0"],
      "unselected_hover_color": ["#d0d0d0", "#d0d0d0"],
      "text_color": ["#1d3557", "#ffffff"],
      "text_color_disabled": ["#969696", "#969696"],
      "corner_radius": 6
    },
    "CTkTextbox": {
      "fg_color": ["#ffffff", "#ffffff"],
      "border_color": ["#d3d3d3", "#d3d3d3"],
      "text_color": ["#1d3557", "#ffffff"],
      "scrollbar_button_color": ["#d0d0d0", "#d0d0d0"],
      "scrollbar_button_hover_color": ["#c0c0c0", "#c0c0c0"],
      "corner_radius": 6,
      "border_width": 1
    },
    "CTkScrollableFrame": {
      "fg_color": ["#ffffff", "#ffffff"],
      "label_fg_color": "transparent", 
      "scrollbar_button_color": ["#d0d0d0", "#d0d0d0"],
      "scrollbar_button_hover_color": ["#c0c0c0", "#c0c0c0"],
      "border_spacing": 2
    },
    "CTkFont": {
      "macOS": {
        "family": "SF Display",
        "size": 13,
        "weight": "normal"
      },
      "Windows": {
        "family": "Roboto",
        "size": 13,
        "weight": "normal"
      },
      "Linux": {
        "family": "Roboto",
        "size": 13,
        "weight": "normal"
      }
    }
    
  }